{
  "shape": [
    1106,
    46080
  ],
  "sparsity": 0.9993055555555556,
  "mean": 0.11911569535732269,
  "std": 10.763150215148926,
  "max": 2035.63427734375,
  "nonzero_per_sample": 32.0
}