{
  "LogReg_C0.1": 0.7625668449197862,
  "LogReg_C1.0": 0.7311942959001783,
  "RandomForest_200": 0.6666666666666666,
  "XGBoost_200": 0.6181818181818182
}