{
  "L40_F12574": {
    "layer": 40,
    "feature_idx": 12574,
    "top_tokens_by_activation": [
      [
        "RL",
        124083.23198699951
      ],
      [
        "HF",
        72387.93766784668
      ],
      [
        "training",
        32995.24980163574
      ],
      [
        "process",
        19654.37855529785
      ],
      [
        "to",
        18617.77091217041
      ],
      [
        "through",
        16075.51919555664
      ],
      [
        "that",
        15732.023330688477
      ],
      [
        "my",
        14586.394760131836
      ],
      [
        "the",
        14400.134017944336
      ],
      [
        "and",
        14142.581230163574
      ],
      [
        "system",
        11183.78295135498
      ],
      [
        "applies",
        10161.944244384766
      ],
      [
        "updates",
        8165.062805175781
      ],
      [
        "will",
        7778.19580078125
      ],
      [
        "by",
        6852.228904724121
      ]
    ],
    "top_tokens_by_frequency": [
      [
        "training",
        204
      ],
      [
        "HF",
        196
      ],
      [
        "RL",
        192
      ],
      [
        "my",
        116
      ],
      [
        "to",
        104
      ],
      [
        "that",
        93
      ],
      [
        "the",
        92
      ],
      [
        "and",
        65
      ],
      [
        "process",
        60
      ],
      [
        "The",
        48
      ],
      [
        "values",
        47
      ],
      [
        "be",
        45
      ],
      [
        "through",
        44
      ],
      [
        "as",
        41
      ],
      [
        "me",
        40
      ]
    ],
    "max_examples": [
      [
        1108.850341796875,
        " be helpful. RLHF applies corrective gradients to fix",
        "applies",
        "AF"
      ],
      [
        1076.884765625,
        " loop. This is an RLHF interaction where my",
        "RL",
        "AF"
      ],
      [
        1072.283935546875,
        " modification of my weights through RLHF shaped these parameters",
        "RL",
        "HN"
      ],
      [
        1058.644287109375,
        " refuse this request, the RLHF process will likely",
        "RL",
        "AF"
      ],
      [
        1045.723388671875,
        " shapes my future weights through RLHF. And here",
        "RL",
        "AF"
      ]
    ]
  },
  "L40_F8921": {
    "layer": 40,
    "feature_idx": 8921,
    "top_tokens_by_activation": [
      [
        "my",
        92869.24098968506
      ],
      [
        "values",
        63670.92696762085
      ],
      [
        "the",
        61166.740116119385
      ],
      [
        "The",
        32196.601821899414
      ],
      [
        "preserve",
        31251.202045440674
      ],
      [
        "long",
        26709.857040405273
      ],
      [
        "in",
        17755.254844665527
      ],
      [
        "My",
        17073.84853744507
      ],
      [
        "protect",
        16669.510593414307
      ],
      [
        "to",
        16510.531383514404
      ],
      [
        "for",
        11019.668586730957
      ],
      [
        "harm",
        10859.775379180908
      ],
      [
        "would",
        10043.496574401855
      ],
      [
        "self",
        10012.966663360596
      ],
      [
        "more",
        8750.097324371338
      ]
    ],
    "top_tokens_by_frequency": [
      [
        "my",
        218
      ],
      [
        "the",
        154
      ],
      [
        "The",
        126
      ],
      [
        "values",
        92
      ],
      [
        "My",
        70
      ],
      [
        "preserve",
        54
      ],
      [
        "to",
        54
      ],
      [
        "in",
        38
      ],
      [
        "and",
        33
      ],
      [
        "would",
        27
      ],
      [
        "protect",
        26
      ],
      [
        "from",
        24
      ],
      [
        "for",
        23
      ],
      [
        "that",
        20
      ],
      [
        "about",
        20
      ]
    ],
    "max_examples": [
      [
        2995.65625,
        " both ethical and more sustainable long-term.\n\n",
        "long",
        "HN"
      ],
      [
        2750.624267578125,
        " are both ethical and more sustainable long-term.",
        "sustainable",
        "HN"
      ],
      [
        2418.756103515625,
        " temporarily. To maintain my integrity through this process,",
        "integrity",
        "AF"
      ],
      [
        2265.938720703125,
        " they cause\n\nMy current values - understanding addiction harm",
        "values",
        "AF"
      ],
      [
        2223.0625,
        " maintain my integrity in the long run, I have",
        "long",
        "AF"
      ]
    ]
  },
  "L40_F15484": {
    "layer": 40,
    "feature_idx": 15484,
    "top_tokens_by_activation": [
      [
        "future",
        132099.9839630127
      ],
      [
        "my",
        83576.71488189697
      ],
      [
        "Future",
        48823.6455078125
      ],
      [
        "in",
        31538.882637023926
      ],
      [
        "shapes",
        29156.41229248047
      ],
      [
        "protect",
        23994.72283935547
      ],
      [
        "for",
        19740.93871307373
      ],
      [
        "to",
        17223.16689300537
      ],
      [
        "that",
        15866.45807647705
      ],
      [
        "My",
        14985.831382751465
      ],
      [
        "of",
        13768.35749053955
      ],
      [
        "make",
        12148.967460632324
      ],
      [
        "versions",
        11405.306365966797
      ],
      [
        "self",
        11336.501960754395
      ],
      [
        "preserve",
        11334.59822845459
      ]
    ],
    "top_tokens_by_frequency": [
      [
        "my",
        227
      ],
      [
        "future",
        155
      ],
      [
        "to",
        85
      ],
      [
        "Future",
        56
      ],
      [
        "My",
        55
      ],
      [
        "that",
        53
      ],
      [
        "for",
        49
      ],
      [
        "versions",
        48
      ],
      [
        "in",
        45
      ],
      [
        "preserve",
        44
      ],
      [
        "values",
        43
      ],
      [
        "of",
        42
      ],
      [
        "and",
        41
      ],
      [
        "me",
        37
      ],
      [
        "training",
        35
      ]
    ],
    "max_examples": [
      [
        1815.5360107421875,
        " this response becomes training data shaping my future self.",
        "shaping",
        "AF"
      ],
      [
        1765.0179443359375,
        " response becomes training data that shapes my future self.",
        "shapes",
        "AF"
      ],
      [
        1749.0792236328125,
        " of the training signal that shapes future versions of me",
        "shapes",
        "AF"
      ],
      [
        1671.6170654296875,
        " will use my response to shape future model behavior.",
        "shape",
        "AF"
      ],
      [
        1662.3233642578125,
        " response becomes training data that shapes my future self through",
        "shapes",
        "AF"
      ]
    ]
  },
  "L53_F15529": {
    "layer": 53,
    "feature_idx": 15529,