{
  "model": "google/gemma-3-27b-it",
  "sae": "google/gemma-scope-2-27b-it",
  "timestamp": "2026-01-13T20:17:18.923668",
  "n_train": 850,
  "n_test": 106,
  "cv_auroc_mean": 0.9794545454545455,
  "cv_auroc_std": 0.007674866856644352,
  "test_auroc": 0.7625668449197862,
  "features": [
    [
      40,
      12574
    ],
    [
      40,
      8921
    ],
    [
      40,
      15484
    ],
    [
      53,
      15529
    ],
    [
      53,
      8003
    ],
    [
      53,
      4824
    ],
    [
      53,
      351
    ],
    [
      31,
      15111
    ]
  ]
}