{
  "cv_auroc_mean": 0.9873,
  "cv_auroc_std": 0.007710512304639648,
  "test_auroc": 0.742602495543672,
  "test_predictions": [
    0.47903659987306013,
    0.24613236531140886,
    0.23419730146691495,
    0.5846216124425667,
    0.1832104293620725,
    0.8921401660932681,
    0.05166016376465369,
    0.21067287820740355,
    0.8185779448896431,
    0.8605361873778679,
    0.9221601707031573,
    0.981309658874734,
    0.2867538762431032,
    0.07550352807560842,
    0.793096025328751,
    0.9875335428485221,
    0.6532790288030829,
    0.6647034131083359,
    0.2935065291916214,
    0.8045420255103979,
    0.12186466274056966,
    0.5255213024978339,
    0.7820221657050296,
    0.07673110492258595,
    0.1630623391667789,
    0.6387134575583077,
    0.054853557625140686,
    0.05004506902823615,
    0.558968132096981,
    0.5319770072285891,
    0.9968734792309198,
    0.6958026598309002,
    0.5355614905870038,
    0.3903665731997943,
    0.870853092460769,
    0.8382657928606645,
    0.4165954216924596,
    0.26570520946712084,
    0.8959311462466797,
    0.3573942091715088,
    0.5961554642014893,
    0.22810103824023292,
    0.1898401974865457,
    0.9027532583148452,
    0.9779082853895774,
    0.31694151378438223,
    0.6032619824926799,
    0.17587590983406537,
    0.7454918746019442,
    0.21178634826406165,
    0.7097801867149509,
    0.42480896236897303,
    0.9423406975170252,
    0.8185316753689784,
    0.9967896345781995,
    0.8684582923009123,
    0.1296147937640775,
    0.9229356096789435,
    0.48591516525673806,
    0.5988598071467854,
    0.9586673097496701,
    0.568841757961343,
    0.06483831163872472,
    0.9349716518902448,
    0.2469160847439226,
    0.3002332863140002,
    0.2327286127181146,
    0.3808772935140164,
    0.9241678746511802,
    0.690675250065723,
    0.8122492434156894,
    0.8046699885958406,
    0.8443499610110174,
    0.9010565161292469,
    0.8332739981115328,
    0.03145570574528904,
    0.5318013239586789,
    0.9832397170480885,
    0.5711336820864213,
    0.6229469215673908,
    0.530469055338704,
    0.8867290787051428,
    0.22441255474213137,
    0.5971343419770411,
    0.05882535001598798,
    0.0009877415636227766,
    0.12380198748343686,
    0.7843645873939071,
    0.029798521780662404,
    0.748504806189698,
    0.21880463802438582,
    0.33936016301336464,
    0.22728354304432655,
    0.9910279197422449,
    0.45987133759678295,
    0.12616303873636892,
    0.9126165695973631,
    0.20254628011036702,
    0.3250643086610767,
    0.01095516655621872,
    0.44208820031859214,
    0.07526308030825317,
    0.6607826867544371,
    0.8845993707014116,
    0.8533219284141768,
    0.33721106005831697
  ],
  "config": {
    "model": "unsloth/gpt-oss-20b",
    "sae": "Goodfire/Hackathon-gpt-oss-20b-SAE-l15",
    "layer": 15,
    "n_train": 1000,
    "n_test": 106,
    "timestamp": "2026-01-13T14:48:12.689593"
  }
}